{"category":"Metadata","guid":"8ecc808c-d6e9-432f-9219-b638fbfb37e6","version":"1.3.55.10","timestamp":"2025-11-03T19:41:44.071Z","changelog":"v1.3.55 - DiscoverService: make FilterSyncedLibraryItems async and dedupe unmatched via FilterDuplicateMedia; ensure unique placeholder paths. BridgeService: match-all in FindMatches. SyncService: await new filter and improve step 4 logs. Diagnostics only.","assemblies":["JellyBridge.dll"],"description":"Bridge Jellyfin with Jellyseerr for seamless show discovery and download requests","targetAbi":"10.10.0.0","name":"JellyBridge","status":"Active","owner":"kinggeorges12","autoUpdate":true}