{"category":"Metadata","status":"Active","name":"JellyBridge","assemblies":["JellyBridge.dll"],"changelog":"v1.3.54 - BridgeService: FindMatches now adds all matching Jellyseerr items per Jellyfin item (not just first). Also fixed prior brace/type issues. No behavioral changes beyond expanded match set for diagnostics.","description":"Bridge Jellyfin with Jellyseerr for seamless show discovery and download requests","version":"1.3.54.11","autoUpdate":true,"guid":"8ecc808c-d6e9-432f-9219-b638fbfb37e6","timestamp":"2025-11-03T19:03:30.819Z","owner":"kinggeorges12","targetAbi":"10.11.0.0"}