{"changelog":"v1.4.41 - Config page UX: added span.link action registry (JellyBridgeActions) so spans can call cacheBuster without anchors; updated cacheBuster to use PluginVersion and route via Dashboard.getPluginUrl; replaced HTML refresh anchor with span link compatible with hash routing.","autoUpdate":true,"version":"1.4.41.10","assemblies":["JellyBridge.dll"],"status":"Active","category":"Metadata","timestamp":"2025-11-06T09:09:52.280Z","targetAbi":"10.10.0.0","owner":"kinggeorges12","description":"Bridge Jellyfin with Jellyseerr for seamless show discovery and download requests","guid":"8ecc808c-d6e9-432f-9219-b638fbfb37e6","name":"JellyBridge"}