{"changelog":"v1.3.15 - Added descriptive text under each configuration section header to improve user understanding. Renamed Sort Randomization Interval to Sort Task Interval across all files for clearer naming. Refactored play count randomization to use dictionary iteration for better efficiency and moved season folder creation logic to PlaceholderVideoGenerator static methods.","autoUpdate":true,"owner":"kinggeorges12","assemblies":["JellyBridge.dll"],"description":"Bridge Jellyfin with Jellyseerr for seamless show discovery and download requests","timestamp":"2025-11-01T19:04:44.400Z","status":"Active","category":"Metadata","name":"JellyBridge","guid":"8ecc808c-d6e9-432f-9219-b638fbfb37e6","targetAbi":"10.10.0.0","version":"1.3.15.10"}