{"assemblies":["JellyBridge.dll"],"name":"JellyBridge","status":"Active","guid":"8ecc808c-d6e9-432f-9219-b638fbfb37e6","changelog":"v1.3.32 - Renamed CreateSeparateLibraries to UseNetworkFolders across all code. Added collapsible Network Folder Options detail dropdown that opens/closes with the checkbox. Reorganized UI elements by moving Add Duplicate Content above generate button and combining caution text, plus added Release 2.0 compatibility note to README.","targetAbi":"10.11.0.0","autoUpdate":true,"version":"1.3.32.11","owner":"kinggeorges12","timestamp":"2025-11-02T19:44:59.438Z","category":"Metadata","description":"Bridge Jellyfin with Jellyseerr for seamless show discovery and download requests"}