{"targetAbi":"10.11.0.0","status":"Active","autoUpdate":true,"timestamp":"2025-11-01T22:07:18.984Z","guid":"8ecc808c-d6e9-432f-9219-b638fbfb37e6","category":"Metadata","owner":"kinggeorges12","version":"1.3.23.11","assemblies":["JellyBridge.dll"],"name":"JellyBridge","changelog":"v1.3.23 - Added Mark Shows Played checkbox to change unplayed badge from 1 to checkmark. Created refreshOptionsUpdate for user data refresh and reordered RefreshBridgeLibrary parameters. Updated SortTask to skip library refresh after play count updates since UI updates automatically when items are viewed.","description":"Bridge Jellyfin with Jellyseerr for seamless show discovery and download requests"}