{"assemblies":["JellyBridge.dll"],"owner":"kinggeorges12","category":"Metadata","status":"Active","changelog":"v1.3.37 - Updated LibraryPrefix handling to preserve leading and trailing spaces by adding trim parameter to safeParseString and preventing trimming in validateField. Enhanced windowsFilename validator to reject values starting with a space character to comply with Windows filename restrictions.","guid":"8ecc808c-d6e9-432f-9219-b638fbfb37e6","description":"Bridge Jellyfin with Jellyseerr for seamless show discovery and download requests","version":"1.3.37.10","name":"JellyBridge","timestamp":"2025-11-02T22:02:06.125Z","autoUpdate":true,"targetAbi":"10.10.0.0"}