{"timestamp":"2026-02-03T19:15:52.198Z","owner":"kinggeorges12","description":"Bridge Jellyfin with Jellyseerr for seamless show discovery and download requests","changelog":"v2.2.20 - removing outdated functionality for creating placeholders differently between movies and shows. everything is in the CreatePlaceholderVideosAsync now.","version":"2.2.20.10","name":"JellyBridge","autoUpdate":true,"guid":"8ecc808c-d6e9-432f-9219-b638fbfb37e6","targetAbi":"10.10.0.0","status":"Active","assemblies":["JellyBridge.dll"],"category":"Metadata"}