{"version":"1.4.58.11","targetAbi":"10.11.0.0","status":"Active","category":"Metadata","owner":"kinggeorges12","changelog":"v1.4.58 - Updated TestConnection to use PluginConfiguration.DefaultValues for fallback values. Added exception handling for invalid URL format and invalid JSON responses to prevent 500 errors.","name":"JellyBridge","autoUpdate":true,"guid":"8ecc808c-d6e9-432f-9219-b638fbfb37e6","timestamp":"2025-11-09T04:59:27.645Z","assemblies":["JellyBridge.dll"],"description":"Bridge Jellyfin with Jellyseerr for seamless show discovery and download requests"}