{"owner":"kinggeorges12","timestamp":"2025-11-05T04:13:40.218Z","status":"Active","name":"JellyBridge","guid":"8ecc808c-d6e9-432f-9219-b638fbfb37e6","description":"Bridge Jellyfin with Jellyseerr for seamless show discovery and download requests","category":"Metadata","version":"1.4.28.10","changelog":"v1.4.28 - Removed unused ProcessJellyseerrResult, ProcessJellyfinResult, and ProcessSortResult classes, merging ProcessSortResult properties directly into SortLibraryResult. Fixed table label padding to use correct number of spaces after each word (Processed: 1, Sorted: 4, Skipped: 3, Failed: 4, etc.) to properly fill 18-character columns. Made Hidden row always display in SyncJellyseerrResult table regardless of count.","targetAbi":"10.10.0.0","autoUpdate":true,"assemblies":["JellyBridge.dll"]}