{"status":"Active","owner":"kinggeorges12","assemblies":["JellyBridge.dll"],"guid":"8ecc808c-d6e9-432f-9219-b638fbfb37e6","description":"Bridge Jellyfin with Jellyseerr for seamless show discovery and download requests","autoUpdate":true,"changelog":"v1.3.35 - Added Network Folder Setup Instructions section with numbered steps and cross-references to Library Setup Instructions. Enhanced scrollToElement function to automatically open parent details elements when scrolling to linked options. Made Generate Network Folders button always visible and renamed Network Folder Options to Network Folder Setup.","timestamp":"2025-11-02T21:16:19.299Z","category":"Metadata","version":"1.3.35.11","name":"JellyBridge","targetAbi":"10.11.0.0"}