{"owner":"kinggeorges12","description":"Bridge Jellyfin with Jellyseerr for seamless show discovery and download requests","category":"Metadata","targetAbi":"10.10.0.0","assemblies":["JellyBridge.dll"],"timestamp":"2025-11-03T11:03:10.367Z","name":"JellyBridge","changelog":"v1.3.50 - BridgeService: add left-join fallback to default library, append unmatched items directly, and add debug counters; simplify unmatched mapping to avoid nulls. Setup UI: help now scrolls to IsEnabled. Version, manifest, and release artifacts updated for 10.10/10.11.","autoUpdate":true,"guid":"8ecc808c-d6e9-432f-9219-b638fbfb37e6","status":"Active","version":"1.3.50.10"}