{"status":"Active","timestamp":"2025-11-04T17:33:10.000Z","description":"Bridge Jellyfin with Jellyseerr for seamless show discovery and download requests","name":"JellyBridge","guid":"8ecc808c-d6e9-432f-9219-b638fbfb37e6","assemblies":["JellyBridge.dll"],"version":"1.4.13.11","category":"Metadata","owner":"kinggeorges12","targetAbi":"10.11.0.0","autoUpdate":true,"changelog":"v1.4.13 - Test Connection: Simplified error handling to use error.json() directly, removing try-catch complexity. Removed redundant responseJSON and responseText parsing fallbacks for cleaner code."}