{"version":"1.3.59.11","status":"Active","autoUpdate":true,"category":"Metadata","targetAbi":"10.11.0.0","owner":"kinggeorges12","guid":"8ecc808c-d6e9-432f-9219-b638fbfb37e6","assemblies":["JellyBridge.dll"],"name":"JellyBridge","changelog":"v1.3.59 - Added GetItemFolderHashCode method for folder-based duplicate detection with NetworkTag support. Optimized duplicate filtering to use hash codes instead of directory paths for better performance. Added IgnoreDuplicateLibraryItems method to create ignore files for duplicates in shared library scenarios.","timestamp":"2025-11-03T22:30:57.337Z","description":"Bridge Jellyfin with Jellyseerr for seamless show discovery and download requests"}