{"autoUpdate":true,"status":"Active","targetAbi":"10.11.0.0","guid":"8ecc808c-d6e9-432f-9219-b638fbfb37e6","category":"Metadata","owner":"kinggeorges12","version":"1.3.14.11","timestamp":"2025-11-01T17:14:40.031Z","description":"Bridge Jellyfin with Jellyseerr for seamless show discovery and download requests","assemblies":["JellyBridge.dll"],"name":"JellyBridge","changelog":"v1.3.14 - Renamed RandomizeSortTask to SortTask and restored parallel processing: Renamed RandomizeSortTask class and file to SortTask for clearer naming, updating task key from JellyBridgeRandomizeSort to JellyBridgeSort. Restored parallel processing in RandomizePlayCountAsync using Task.WhenAll for both item and user updates to improve performance. Added skipped items list to separate ignored files (.ignore) from actual failures in return values. Enhanced error handling with OperationCanceledException catching during parallel operations. Updated RouteController and SortTask to handle the new skipped items list in results."}