{"category":"Metadata","changelog":"v1.3.28 - Added scroll-to-checkbox functionality when clicking disabled fields. Centralized disabled state styling and scroll handler logic into reusable utility functions. Removed beta tag and note from Create separate libraries option.","owner":"kinggeorges12","assemblies":["JellyBridge.dll"],"description":"Bridge Jellyfin with Jellyseerr for seamless show discovery and download requests","timestamp":"2025-11-02T04:06:06.601Z","targetAbi":"10.10.0.0","name":"JellyBridge","guid":"8ecc808c-d6e9-432f-9219-b638fbfb37e6","autoUpdate":true,"version":"1.3.28.10","status":"Active"}