{"status":"Active","autoUpdate":true,"description":"Bridge Jellyfin with Jellyseerr for seamless show discovery and download requests","targetAbi":"10.10.0.0","assemblies":["JellyBridge.dll"],"category":"Metadata","name":"JellyBridge","timestamp":"2025-11-03T07:42:24.767Z","version":"1.3.44.10","changelog":"v1.3.44 - Add quotas settings and enforcement in favorites/sync; improve metadata handling. Update configuration UI for quotas and sorting controls. Refresh README.","owner":"kinggeorges12","guid":"8ecc808c-d6e9-432f-9219-b638fbfb37e6"}