{"description":"Bridge Jellyfin with Jellyseerr for seamless show discovery and download requests","guid":"8ecc808c-d6e9-432f-9219-b638fbfb37e6","timestamp":"2025-11-01T19:25:13.654Z","assemblies":["JellyBridge.dll"],"owner":"kinggeorges12","targetAbi":"10.10.0.0","changelog":"v1.3.16 - Changed play count randomization to use increments of 100 instead of 1 to ensure sort order remains stable when users play items. Updated SortTask to use ExecuteWithLockAsync for consistency with other plugin operations. Moved play count warning to a separate styled div on the configuration page.","category":"Metadata","status":"Active","version":"1.3.16.10","name":"JellyBridge","autoUpdate":true}