{"autoUpdate":true,"owner":"kinggeorges12","name":"JellyBridge","status":"Active","version":"1.4.23.11","guid":"8ecc808c-d6e9-432f-9219-b638fbfb37e6","changelog":"v1.4.23 - Added emojis to result tables and legends for better visual identification. Made result textboxes monospace font for improved ASCII table formatting. Refactored cleanup service to set refresh plan when items are deleted, with refresh applied in endpoints and sync task. Moved CleanupMetadata endpoint to AdvancedSettingsController above RecycleLibrary endpoint.","timestamp":"2025-11-05T02:21:06.248Z","category":"Metadata","targetAbi":"10.11.0.0","assemblies":["JellyBridge.dll"],"description":"Bridge Jellyfin with Jellyseerr for seamless show discovery and download requests"}