{"name":"JellyBridge","description":"Bridge Jellyfin with Jellyseerr for seamless show discovery and download requests","changelog":"v1.3.19 - Enhanced placeholder episode play count logic with better error handling and logging. Changed TrySetEpisodePlayCount to return nullable bool (null when userData is null, false when episode not found or play count > 0, true when set). Removed exception catching to let errors cascade for better debugging and added detailed trace logging to identify why placeholder episode play counts aren't being set.","guid":"8ecc808c-d6e9-432f-9219-b638fbfb37e6","category":"Metadata","autoUpdate":true,"version":"1.3.19.11","targetAbi":"10.11.0.0","status":"Active","assemblies":["JellyBridge.dll"],"owner":"kinggeorges12","timestamp":"2025-11-01T21:03:19.922Z"}