{"autoUpdate":true,"assemblies":["JellyBridge.dll"],"owner":"kinggeorges12","guid":"8ecc808c-d6e9-432f-9219-b638fbfb37e6","description":"Bridge Jellyfin with Jellyseerr for seamless show discovery and download requests","timestamp":"2025-11-11T00:03:02.233Z","changelog":"v1.4.61 - Simplified Favorite Cleanup field description by removing redundant details about .ignore files and unplayed status. Added italic formatting to the Network Folders note for better visual emphasis.","status":"Active","name":"JellyBridge","version":"1.4.61.11","targetAbi":"10.11.0.0","category":"Metadata"}