{"category":"Metadata","timestamp":"2025-10-31T22:12:41.886Z","assemblies":["JellyBridge.dll"],"guid":"8ecc808c-d6e9-432f-9219-b638fbfb37e6","targetAbi":"10.11.0.0","owner":"kinggeorges12","name":"JellyBridge","version":"1.3.6.11","autoUpdate":true,"status":"Active","changelog":"v1.3.6 - Reorganized UI sections and added sort randomization features: Renamed Discover Settings to Import Discover Content and Favorite Settings to Manage Discover Library throughout UI, JavaScript, and documentation. Added Sort Discover Content section with Randomize Discover Sort Order checkbox and configurable interval. Created RandomizeSortTask scheduled task to randomize NFO dateadded fields and refresh library metadata. Added manual Sort Library button and endpoint for on-demand sort randomization. Added TaskTimeoutMinutes configuration (default 10 minutes) to control plugin task timeouts. Updated ExecuteWithLockAsync to use configured task timeout as default. Refactored JavaScript function names to match new naming conventions (initializeImportContent, initializeManageLibrary, initializeSortContent, etc.). Updated all timeout error messages to reflect actual configured timeout values. Reorganized configuration files and README to match new UI layout.","description":"Bridge Jellyfin with Jellyseerr for seamless show discovery and download requests"}