{"category":"Metadata","targetAbi":"10.11.0.0","owner":"kinggeorges12","status":"Active","description":"Bridge Jellyfin with Jellyseerr for seamless show discovery and download requests","assemblies":["JellyBridge.dll"],"changelog":"v1.4.4 - Docs: Updated README to match config UI. Added dedicated Sort Discover Content section with screenshot; aligned labels/buttons (e.g., sync/sort tasks, Manage JellyBridge, Use Network Folders) and compatibility note; replaced screenshots (Import/Manage/Sorting) and removed shortcuts line.","guid":"8ecc808c-d6e9-432f-9219-b638fbfb37e6","name":"JellyBridge","autoUpdate":true,"timestamp":"2025-11-04T07:28:47.195Z","version":"1.4.4.11"}