{"owner":"kinggeorges12","timestamp":"2025-11-09T04:49:58.157Z","autoUpdate":true,"status":"Active","name":"JellyBridge","guid":"8ecc808c-d6e9-432f-9219-b638fbfb37e6","changelog":"v1.4.57 - Fixed TestConnection to properly handle blank/null values by normalizing empty strings and falling back to configured defaults. Improved parameter extraction to check for null/whitespace before using request values.","description":"Bridge Jellyfin with Jellyseerr for seamless show discovery and download requests","assemblies":["JellyBridge.dll"],"category":"Metadata","targetAbi":"10.11.0.0","version":"1.4.57.11"}