{"targetAbi":"10.10.0.0","name":"JellyBridge","timestamp":"2025-11-04T00:36:55.953Z","status":"Active","changelog":"v1.3.65 - Added tracking and reporting of blocked requests (items that couldn't be requested due to API errors or quotas) in the frontend sync results. Enhanced DebugLogger to automatically include method names in trace logs using reflection, eliminating manual method name passing. Updated result models and API controllers to expose blocked item counts.","version":"1.3.65.10","category":"Metadata","autoUpdate":true,"guid":"8ecc808c-d6e9-432f-9219-b638fbfb37e6","assemblies":["JellyBridge.dll"],"description":"Bridge Jellyfin with Jellyseerr for seamless show discovery and download requests","owner":"kinggeorges12"}