{"timestamp":"2026-01-17T20:29:22.577Z","autoUpdate":true,"targetAbi":"10.10.0.0","version":"2.2.2.10","changelog":"v2.2.2 - run Favorites sync after adding a favorite. at most, queue one instance of each task so favorites are not overwhelmed when users add many favorites.","description":"Bridge Jellyfin with Jellyseerr for seamless show discovery and download requests","status":"Active","category":"Metadata","owner":"kinggeorges12","name":"JellyBridge","assemblies":["JellyBridge.dll"],"guid":"8ecc808c-d6e9-432f-9219-b638fbfb37e6"}