{"targetAbi":"10.11.0.0","owner":"kinggeorges12","version":"1.4.50.11","name":"JellyBridge","guid":"8ecc808c-d6e9-432f-9219-b638fbfb37e6","timestamp":"2025-11-08T18:15:39.620Z","status":"Active","description":"Bridge Jellyfin with Jellyseerr for seamless show discovery and download requests","category":"Metadata","assemblies":["JellyBridge.dll"],"autoUpdate":true,"changelog":"v1.4.50 - Changed IsAutomated to true for remove refresh operations and added try-catch error handling around library refresh loop. Reordered refresh operations so full refresh runs before create refresh."}