{"timestamp":"2025-11-03T06:32:04.969Z","owner":"kinggeorges12","assemblies":["JellyBridge.dll"],"status":"Active","autoUpdate":true,"description":"Bridge Jellyfin with Jellyseerr for seamless show discovery and download requests","name":"JellyBridge","version":"1.3.43.10","changelog":"v1.3.43 - Replace custom BaseItemKind wrapper; standardize on Jellyfin.Data.Enums with proper usings. Refactor IJellyfinItem to instance TypeName and update wrappers; fix SortService compile issues and deconstruction types. Remove wrapper file and clean up namespaces.","category":"Metadata","targetAbi":"10.10.0.0","guid":"8ecc808c-d6e9-432f-9219-b638fbfb37e6"}