{"category":"Metadata","changelog":"v1.3.10 - Improved item discovery for play count randomization: Added FindItemByDirectoryPath method to JellyfinILibraryManager that tries multiple strategies to find items by directory path - first attempts FindByPath as folder (for shows), then as non-folder (for movies), and finally searches all items by ContainingFolderPath match as a fallback. This fixes issues where movies stored with video file paths instead of directory paths were not being found. Updated RandomizeNfoDateAddedAsync to use the new FindItemByDirectoryPath method, which should significantly reduce failures when updating play counts.","targetAbi":"10.11.0.0","version":"1.3.10.11","name":"JellyBridge","timestamp":"2025-10-31T23:59:14.498Z","status":"Active","assemblies":["JellyBridge.dll"],"autoUpdate":true,"guid":"8ecc808c-d6e9-432f-9219-b638fbfb37e6","owner":"kinggeorges12","description":"Bridge Jellyfin with Jellyseerr for seamless show discovery and download requests"}