{"category":"Metadata","status":"Active","changelog":"v1.4.60 - Updated configuration setting names: renamed 'Use Network Folders' to 'Network Folders', 'Duplicate Discover Content' to 'Show Discover Content in Multiple Libraries', and 'Manage JellyBridge Library' to 'Automated Library Refresh'. Updated README documentation to reflect new setting names throughout. Updated configuration page UI and backend code to use the new naming.","timestamp":"2025-11-10T23:56:15.781Z","version":"1.4.60.11","targetAbi":"10.11.0.0","guid":"8ecc808c-d6e9-432f-9219-b638fbfb37e6","owner":"kinggeorges12","assemblies":["JellyBridge.dll"],"name":"JellyBridge","description":"Bridge Jellyfin with Jellyseerr for seamless show discovery and download requests","autoUpdate":true}