{"guid":"8ecc808c-d6e9-432f-9219-b638fbfb37e6","changelog":"v1.3.68 - Refactored result classes organized by operation (SyncFromJellyseerr, SyncToJellyseerr, SortJellyBridge) with helper classes at bottom. Added Refresh property to SortLibraryResult and updated all ToString() methods to include refresh information. Enhanced result classes with consistent aliases for easier data access and removed unused operator+ and Combine methods from ProcessJellyseerrResult.","name":"JellyBridge","status":"Active","owner":"kinggeorges12","category":"Metadata","description":"Bridge Jellyfin with Jellyseerr for seamless show discovery and download requests","autoUpdate":true,"assemblies":["JellyBridge.dll"],"timestamp":"2025-11-04T04:01:26.407Z","version":"1.3.68.10","targetAbi":"10.10.0.0"}