{"description":"Bridge Jellyfin with Jellyseerr for seamless show discovery and download requests","autoUpdate":true,"guid":"8ecc808c-d6e9-432f-9219-b638fbfb37e6","owner":"kinggeorges12","assemblies":["JellyBridge.dll"],"timestamp":"2025-11-08T19:01:17.402Z","category":"Metadata","name":"JellyBridge","version":"1.4.53.11","status":"Active","targetAbi":"10.11.0.0","changelog":"v1.4.53 - Merged dev branch into feature: includes all updates from v1.4.45 through v1.4.52 including favorites sync improvements, documentation updates, UI enhancements, and library refresh optimizations."}