{"description":"Bridge Jellyfin with Jellyseerr for seamless show discovery and download requests","assemblies":["JellyBridge.dll"],"category":"Metadata","owner":"kinggeorges12","autoUpdate":true,"timestamp":"2025-10-31T23:44:26.899Z","status":"Active","guid":"8ecc808c-d6e9-432f-9219-b638fbfb37e6","name":"JellyBridge","changelog":"v1.3.9 - Refactored sort randomization from dateadded to play counts and moved MediaBrowser dependencies to JellyfinModels wrappers: Replaced NFO dateadded field manipulation with play count randomization for all users. Removed UpdateDateAddedInNfoFile method entirely. Updated RandomizeNfoDateAddedAsync to randomize play counts (0 to itemCount-1) for all discover library items across all users, enabling random sorting by play count. Created JellyfinIUserManager wrapper class and added TryUpdatePlayCount method to JellyfinIUserDataManager. Moved all MediaBrowser.Controller dependencies out of MetadataService into JellyfinModels wrappers. Updated RouteController to display play count information instead of dateAdded in sort results. Registered JellyfinIUserManager in dependency injection. Removed RefreshBridgeLibrary call as play count updates don't require metadata refresh.","targetAbi":"10.11.0.0","version":"1.3.9.11"}