{"guid":"8ecc808c-d6e9-432f-9219-b638fbfb37e6","changelog":"v1.3.58 - Config JS: bind click handlers after dynamic innerHTML updates in startup description, prevent duplicate event bindings with data-link-initialized flag. HTML: add Dashboard router link. No functional changes.","category":"Metadata","description":"Bridge Jellyfin with Jellyseerr for seamless show discovery and download requests","assemblies":["JellyBridge.dll"],"name":"JellyBridge","owner":"kinggeorges12","timestamp":"2025-11-03T21:33:11.926Z","targetAbi":"10.11.0.0","status":"Active","version":"1.3.58.11","autoUpdate":true}