{"owner":"kinggeorges12","status":"Active","version":"1.3.18.11","changelog":"v1.3.18 - Updated library refresh options to differentiate between create and remove operations. Create operations now use ReplaceAllMetadata=false to search for missing metadata only, while remove operations use ReplaceAllMetadata=true to replace all metadata. This preserves existing metadata when refreshing newly added items while ensuring complete refresh for removed items.","timestamp":"2025-11-01T20:49:01.245Z","targetAbi":"10.11.0.0","category":"Metadata","autoUpdate":true,"description":"Bridge Jellyfin with Jellyseerr for seamless show discovery and download requests","guid":"8ecc808c-d6e9-432f-9219-b638fbfb37e6","name":"JellyBridge","assemblies":["JellyBridge.dll"]}