{"owner":"kinggeorges12","status":"Active","category":"Metadata","description":"Bridge Jellyfin with Jellyseerr for seamless show discovery and download requests","changelog":"v1.3.63 - Added trace logging for duplicate checking to debug library filtering logic. Logs include MediaName, HashCode, LibraryName, Directory, and the existsSameDir/existsAnyDir flags.","timestamp":"2025-11-03T23:39:34.273Z","name":"JellyBridge","autoUpdate":true,"assemblies":["JellyBridge.dll"],"targetAbi":"10.10.0.0","guid":"8ecc808c-d6e9-432f-9219-b638fbfb37e6","version":"1.3.63.10"}