{"description":"Bridge Jellyfin with Jellyseerr for seamless show discovery and download requests","owner":"kinggeorges12","status":"Active","changelog":"v1.3.36 - Fixed scroll links to use span elements instead of anchor tags to avoid Jellyfin hashtag navigation conflicts. Increased scroll offset to 60px default and 100px for Network Services link to provide better visual spacing. Fixed Generate Network Folders to properly use Library Prefix through GetNetworkFolder and added early return if UseNetworkFolders is not enabled.","assemblies":["JellyBridge.dll"],"version":"1.3.36.11","guid":"8ecc808c-d6e9-432f-9219-b638fbfb37e6","name":"JellyBridge","autoUpdate":true,"timestamp":"2025-11-02T21:39:00.299Z","category":"Metadata","targetAbi":"10.11.0.0"}