{"status":"Active","changelog":"v1.4.24 - Reduced table column widths to 10 characters for Movies/Shows/Total with numbers aligned 2 spaces from the right edge. Fixed emoji spacing issues in table rows by removing extra spaces after Sorted, Failed, Created, and Deleted. Added refresh plan emoji to all result displays and increased result textbox max-height to 510px.","category":"Metadata","owner":"kinggeorges12","description":"Bridge Jellyfin with Jellyseerr for seamless show discovery and download requests","assemblies":["JellyBridge.dll"],"version":"1.4.24.10","name":"JellyBridge","guid":"8ecc808c-d6e9-432f-9219-b638fbfb37e6","targetAbi":"10.10.0.0","timestamp":"2025-11-05T02:37:25.086Z","autoUpdate":true}