{"changelog":"v1.4.14 - Test Connection: Refactored to use dedicated TestConnectionAsync method in ApiService that only tests basic connectivity via Status endpoint. Controller now delegates to ApiService and passes backend errors directly to frontend. TestConnectionAsync accepts nullable parameters and falls back to plugin configuration if not provided.","timestamp":"2025-11-04T17:52:41.788Z","targetAbi":"10.11.0.0","guid":"8ecc808c-d6e9-432f-9219-b638fbfb37e6","status":"Active","name":"JellyBridge","assemblies":["JellyBridge.dll"],"category":"Metadata","owner":"kinggeorges12","autoUpdate":true,"version":"1.4.14.11","description":"Bridge Jellyfin with Jellyseerr for seamless show discovery and download requests"}