{"version":"1.4.19.11","status":"Active","description":"Bridge Jellyfin with Jellyseerr for seamless show discovery and download requests","guid":"8ecc808c-d6e9-432f-9219-b638fbfb37e6","timestamp":"2025-11-04T21:46:17.488Z","category":"Metadata","changelog":"v1.4.19 - Fixed result boxes to preserve existing text when clicking Import Discover, Sort Content, and Sync Favorites buttons instead of clearing them. Improved API key validation error message from 'API key is incorrect' to 'API Key is not valid' for better clarity. Enhanced error messages in ApiService to include full request URLs for improved debugging.","targetAbi":"10.11.0.0","autoUpdate":true,"owner":"kinggeorges12","name":"JellyBridge","assemblies":["JellyBridge.dll"]}