{"timestamp":"2025-11-03T08:08:59.796Z","description":"Bridge Jellyfin with Jellyseerr for seamless show discovery and download requests","targetAbi":"10.11.0.0","category":"Metadata","changelog":"v1.3.46 - Add step-tagged debug logs in SyncService (steps 2–8) for clearer flow. Refine FavoriteService logging and move metadata logs to correct overload. No behavior changes; improves traceability during sync.","status":"Active","autoUpdate":true,"version":"1.3.46.11","assemblies":["JellyBridge.dll"],"guid":"8ecc808c-d6e9-432f-9219-b638fbfb37e6","name":"JellyBridge","owner":"kinggeorges12"}