{"status":"Active","version":"1.4.7.11","timestamp":"2025-11-04T16:12:09.156Z","name":"JellyBridge","autoUpdate":true,"description":"Bridge Jellyfin with Jellyseerr for seamless show discovery and download requests","owner":"kinggeorges12","assemblies":["JellyBridge.dll"],"targetAbi":"10.11.0.0","category":"Metadata","guid":"8ecc808c-d6e9-432f-9219-b638fbfb37e6","changelog":"v1.4.7 - Config: moved Android TV compatibility note under Mark Media Played and restored Sort note to 'mark all items as played (Last Played)'. README: clarified that sorting changes played status and that marking played is required for Android TV. No functional code changes."}