{"timestamp":"2025-11-04T16:50:56.324Z","name":"JellyBridge","changelog":"v1.4.10 - Test Connection: fixed error message parsing to correctly display backend messages; simplified to check responseJSON.message first, then parse responseText; renamed variable to 'message' for clarity. Fixed parse failure and fallback messages.","guid":"8ecc808c-d6e9-432f-9219-b638fbfb37e6","category":"Metadata","version":"1.4.10.11","status":"Active","targetAbi":"10.11.0.0","assemblies":["JellyBridge.dll"],"owner":"kinggeorges12","description":"Bridge Jellyfin with Jellyseerr for seamless show discovery and download requests","autoUpdate":true}