{"name":"JellyBridge","description":"Bridge Jellyfin with Jellyseerr for seamless show discovery and download requests","status":"Active","changelog":"v1.3.38 - Refactored validator functions to handle trimming internally: notNull, url, int, and double validators now trim values before validation, while windowsFilename validator receives untrimmed values to properly detect leading space characters. Updated validateField function to pass raw field.value to all validators, allowing each validator to manage its own trimming logic.","category":"Metadata","version":"1.3.38.10","guid":"8ecc808c-d6e9-432f-9219-b638fbfb37e6","targetAbi":"10.10.0.0","timestamp":"2025-11-02T22:22:54.391Z","autoUpdate":true,"assemblies":["JellyBridge.dll"],"owner":"kinggeorges12"}