{"targetAbi":"10.11.0.0","changelog":"v1.3.29 - Added AddDuplicateContent configuration option to allow duplicate media in network folders when separate libraries are enabled, with UI warning about proper usage. Updated FilterDuplicateMedia to use GetConfigOrDefault and skip filtering when both CreateSeparateLibraries and AddDuplicateContent are enabled. Added AddDuplicateContent to configuration endpoints and fixed Smart sort order case to explicitly fall through to default behavior.","timestamp":"2025-11-02T04:26:40.593Z","guid":"8ecc808c-d6e9-432f-9219-b638fbfb37e6","owner":"kinggeorges12","name":"JellyBridge","status":"Active","version":"1.3.29.11","category":"Metadata","autoUpdate":true,"assemblies":["JellyBridge.dll"],"description":"Bridge Jellyfin with Jellyseerr for seamless show discovery and download requests"}