{"name":"JellyBridge","timestamp":"2025-11-05T07:20:35.326Z","description":"Bridge Jellyfin with Jellyseerr for seamless show discovery and download requests","guid":"8ecc808c-d6e9-432f-9219-b638fbfb37e6","autoUpdate":true,"changelog":"v1.4.33 - Refined available networks loader to surface errors to caller (removed internal catch/alerts); UI now relies on caller-level handling.","assemblies":["JellyBridge.dll"],"version":"1.4.33.11","status":"Active","owner":"kinggeorges12","targetAbi":"10.11.0.0","category":"Metadata"}