{"version":"1.3.20.10","assemblies":["JellyBridge.dll"],"autoUpdate":true,"changelog":"v1.3.20 - Enhanced placeholder episode play count logic to return detailed result objects with success status and descriptive messages instead of nullable bool. Added comprehensive logging to identify why placeholder episode play counts fail (episode not found, userData null, play count already > 0, or update failure). Sorted directories by play count before processing to ensure lower play counts are handled first.","status":"Active","description":"Bridge Jellyfin with Jellyseerr for seamless show discovery and download requests","category":"Metadata","timestamp":"2025-11-01T21:09:47.013Z","name":"JellyBridge","guid":"8ecc808c-d6e9-432f-9219-b638fbfb37e6","owner":"kinggeorges12","targetAbi":"10.10.0.0"}