{"category":"Metadata","assemblies":["JellyBridge.dll"],"guid":"8ecc808c-d6e9-432f-9219-b638fbfb37e6","description":"Bridge Jellyfin with Jellyseerr for seamless show discovery and download requests","owner":"kinggeorges12","changelog":"v1.3.25 - Added JsonNumberEnumConverter to SortOrderOptions enum to ensure proper numeric serialization for frontend compatibility.","name":"JellyBridge","status":"Active","timestamp":"2025-11-02T00:55:31.891Z","targetAbi":"10.10.0.0","version":"1.3.25.10","autoUpdate":true}