{"description":"Bridge Jellyfin with Jellyseerr for seamless show discovery and download requests","category":"Metadata","name":"JellyBridge","status":"Active","guid":"8ecc808c-d6e9-432f-9219-b638fbfb37e6","targetAbi":"10.10.0.0","changelog":"v1.3.7 - Fixed discover library sort randomization to use unique dates instead of random times: Updated RandomizeNfoDateAddedAsync to assign unique calendar dates (one per item) distributed over the last X days starting from yesterday going backwards, with time set to 00:00:00 since Jellyfin only sorts by calendar date. Added detailed success/failure tracking with return values. Enhanced SortLibrary endpoint to display detailed results including top 10 items by sort order and failed files. Improved error handling by throwing exceptions instead of returning null. Updated UpdateDateAddedInNfoFile to accept assigned DateTimeOffset parameter and extract item metadata (name, type) from XML.","assemblies":["JellyBridge.dll"],"timestamp":"2025-10-31T22:51:42.648Z","autoUpdate":true,"version":"1.3.7.10","owner":"kinggeorges12"}