{"name":"JellyBridge","assemblies":["JellyBridge.dll"],"targetAbi":"10.10.0.0","status":"Active","category":"Metadata","autoUpdate":true,"changelog":"v1.4.59 - Enhanced TestConnection logging with detailed progress tracking. Refactored validators object in ConfigurationPage.js to use IIFE pattern for better code organization.","owner":"kinggeorges12","guid":"8ecc808c-d6e9-432f-9219-b638fbfb37e6","description":"Bridge Jellyfin with Jellyseerr for seamless show discovery and download requests","version":"1.4.59.10","timestamp":"2025-11-09T05:14:37.829Z"}