{"guid":"8ecc808c-d6e9-432f-9219-b638fbfb37e6","assemblies":["JellyBridge.dll"],"version":"1.4.22.10","targetAbi":"10.10.0.0","status":"Active","timestamp":"2025-11-05T01:48:35.438Z","name":"JellyBridge","owner":"kinggeorges12","description":"Bridge Jellyfin with Jellyseerr for seamless show discovery and download requests","autoUpdate":true,"changelog":"v1.4.22 - Refactored ignore functions to return new/existing ignored items separately. Added ItemsHidden collection to track newly hidden items with .ignore files. Updated cleanup service to process movies and shows separately and display results with hidden/unhidden indicators.","category":"Metadata"}