{"owner":"kinggeorges12","timestamp":"2025-11-04T19:49:05.955Z","category":"Metadata","status":"Active","assemblies":["JellyBridge.dll"],"version":"1.4.18.11","autoUpdate":true,"targetAbi":"10.11.0.0","guid":"8ecc808c-d6e9-432f-9219-b638fbfb37e6","changelog":"v1.4.18 - Test Connection: Standardized unreachable endpoint error handling to return 503 (SERVICE_UNAVAILABLE) instead of 500, improving consistency with other connection errors. Updated error messages for better clarity and user experience.","name":"JellyBridge","description":"Bridge Jellyfin with Jellyseerr for seamless show discovery and download requests"}