{"guid":"8ecc808c-d6e9-432f-9219-b638fbfb37e6","autoUpdate":true,"targetAbi":"10.11.0.0","status":"Active","assemblies":["JellyBridge.dll"],"owner":"kinggeorges12","timestamp":"2025-11-03T23:34:40.701Z","changelog":"v1.3.62 - Added DistinctBy to deduplicate libraryItemPairs by entire tuple (libraryName, directory, item.Id). Updated trace logging to use ItemHashCode instead of ItemName. Improved field descriptions in configuration page for MaxDiscoverPages and MaxRetentionDays.","version":"1.3.62.11","name":"JellyBridge","category":"Metadata","description":"Bridge Jellyfin with Jellyseerr for seamless show discovery and download requests"}