{"description":"Bridge Jellyfin with Jellyseerr for seamless show discovery and download requests","autoUpdate":true,"guid":"8ecc808c-d6e9-432f-9219-b638fbfb37e6","timestamp":"2025-11-04T17:04:34.632Z","owner":"kinggeorges12","version":"1.4.11.10","status":"Active","category":"Metadata","targetAbi":"10.10.0.0","name":"JellyBridge","assemblies":["JellyBridge.dll"],"changelog":"v1.4.11 - Test Connection: fixed error parsing to use responseText JSON directly; removed multiple fallbacks and simplified to single parse path; added proper message for parse failures (Jellyfin endpoint issue)."}