{"changelog":"v1.4.37 - Sort order select now uses enum names as option values and selects by name to support both string/number enum values; removed unused mapping logic.","status":"Active","version":"1.4.37.11","assemblies":["JellyBridge.dll"],"guid":"8ecc808c-d6e9-432f-9219-b638fbfb37e6","owner":"kinggeorges12","autoUpdate":true,"category":"Metadata","name":"JellyBridge","timestamp":"2025-11-05T08:26:00.483Z","targetAbi":"10.11.0.0","description":"Bridge Jellyfin with Jellyseerr for seamless show discovery and download requests"}