{"autoUpdate":true,"status":"Active","changelog":"v1.4.55 - Fixed TestConnection to skip library directory validation when blank. Added LibraryDirectory field validation in configuration UI for test connection and save operations.","version":"1.4.55.11","guid":"8ecc808c-d6e9-432f-9219-b638fbfb37e6","category":"Metadata","owner":"kinggeorges12","targetAbi":"10.11.0.0","name":"JellyBridge","description":"Bridge Jellyfin with Jellyseerr for seamless show discovery and download requests","timestamp":"2025-11-09T04:25:15.241Z","assemblies":["JellyBridge.dll"]}