{"autoUpdate":true,"changelog":"v1.4.17 - Test Connection: Updated error messages to be more specific - API authentication failed for 401, API key is incorrect for 403, and Jellyseerr URL unreachable from Jellyfin for 503. Changed unreachable endpoint handling to return 500 with exception message in details. Updated JSON parse error to include actual exception message instead of generic text.","version":"1.4.17.11","description":"Bridge Jellyfin with Jellyseerr for seamless show discovery and download requests","assemblies":["JellyBridge.dll"],"category":"Metadata","status":"Active","name":"JellyBridge","guid":"8ecc808c-d6e9-432f-9219-b638fbfb37e6","owner":"kinggeorges12","timestamp":"2025-11-04T19:20:08.047Z","targetAbi":"10.11.0.0"}