{"autoUpdate":true,"category":"Metadata","targetAbi":"10.11.0.0","status":"Active","name":"JellyBridge","owner":"kinggeorges12","timestamp":"2025-11-02T19:02:21.861Z","description":"Bridge Jellyfin with Jellyseerr for seamless show discovery and download requests","changelog":"v1.3.31 - Improved help button hover behavior by moving cursor styling to container and applying icon background color change when hovering anywhere on the button including the Setup text.","assemblies":["JellyBridge.dll"],"version":"1.3.31.11","guid":"8ecc808c-d6e9-432f-9219-b638fbfb37e6"}