{"guid":"8ecc808c-d6e9-432f-9219-b638fbfb37e6","autoUpdate":true,"category":"Metadata","assemblies":["JellyBridge.dll"],"version":"1.3.53.11","targetAbi":"10.11.0.0","name":"JellyBridge","changelog":"v1.3.53 - BridgeService: add non-matching comparison helper and detailed traces; fix brace/type issues and build errors. DiscoverService: prevent duplicate placeholders by deduping normalized folder paths. SyncService: step 4 logs include full folder paths. No functional behavior changes.","owner":"kinggeorges12","description":"Bridge Jellyfin with Jellyseerr for seamless show discovery and download requests","timestamp":"2025-11-03T17:58:37.951Z","status":"Active"}