{"category":"Metadata","description":"Bridge Jellyfin with Jellyseerr for seamless show discovery and download requests","changelog":"v1.4.21 - Refactored DiscoverService cleanup methods to use IJellyseerrItem interface, unifying movie and show processing. Updated BridgeModels and improved configuration page handling. Enhanced SyncService and SortService for better code consistency.","version":"1.4.21.10","status":"Active","timestamp":"2025-11-04T23:43:57.527Z","owner":"kinggeorges12","guid":"8ecc808c-d6e9-432f-9219-b638fbfb37e6","name":"JellyBridge","targetAbi":"10.10.0.0","autoUpdate":true,"assemblies":["JellyBridge.dll"]}