{"version":"1.3.66.11","name":"JellyBridge","changelog":"v1.3.66 - Removed unused classes (TestFavoritesResult, UserFavorites, FavoriteItem, RequestItem) from JellyseerrApiResults. Updated frontend to display all ProcessJellyfinResult properties including Found, Deleted, and Blocked counts. Added Found property to API response in ManageDiscoverLibraryController.","status":"Active","timestamp":"2025-11-04T00:54:48.969Z","category":"Metadata","description":"Bridge Jellyfin with Jellyseerr for seamless show discovery and download requests","autoUpdate":true,"guid":"8ecc808c-d6e9-432f-9219-b638fbfb37e6","assemblies":["JellyBridge.dll"],"targetAbi":"10.11.0.0","owner":"kinggeorges12"}