{"name":"JellyBridge","version":"1.4.2.10","changelog":"v1.4.2 - Improve trace logging: parse project frames to show Class.Method instead of Task1.InnerInvoke in [TRACE] messages. No functional changes; formatting and diagnostics only.","description":"Bridge Jellyfin with Jellyseerr for seamless show discovery and download requests","assemblies":["JellyBridge.dll"],"targetAbi":"10.10.0.0","status":"Active","owner":"kinggeorges12","autoUpdate":true,"guid":"8ecc808c-d6e9-432f-9219-b638fbfb37e6","category":"Metadata","timestamp":"2025-11-04T06:43:26.470Z"}