{"name":"JellyBridge","version":"1.3.8.10","description":"Bridge Jellyfin with Jellyseerr for seamless show discovery and download requests","autoUpdate":true,"category":"Metadata","targetAbi":"10.10.0.0","timestamp":"2025-10-31T23:12:29.188Z","changelog":"v1.3.8 - Code formatting cleanup: Normalized whitespace and line endings in MetadataService.cs for consistent code style.","guid":"8ecc808c-d6e9-432f-9219-b638fbfb37e6","assemblies":["JellyBridge.dll"],"status":"Active","owner":"kinggeorges12"}