{"status":"Active","changelog":"v1.4.35 - Import UX: scroll to Save when connection fields changed; persist in-memory config after save to keep UI state in sync.","targetAbi":"10.10.0.0","version":"1.4.35.10","assemblies":["JellyBridge.dll"],"timestamp":"2025-11-05T07:47:52.264Z","description":"Bridge Jellyfin with Jellyseerr for seamless show discovery and download requests","name":"JellyBridge","category":"Metadata","guid":"8ecc808c-d6e9-432f-9219-b638fbfb37e6","autoUpdate":true,"owner":"kinggeorges12"}