{"version":"1.3.27.11","owner":"kinggeorges12","autoUpdate":true,"assemblies":["JellyBridge.dll"],"guid":"8ecc808c-d6e9-432f-9219-b638fbfb37e6","status":"Active","changelog":"v1.3.27 - Fixed SortOrder dropdown initialization to convert enum name strings (like 'Random') to integer values when populating from ConfigDefaults. Added enum name-to-value mapping to ensure dropdown correctly displays selected option when no explicit config value is set.","name":"JellyBridge","timestamp":"2025-11-02T02:20:26.005Z","category":"Metadata","description":"Bridge Jellyfin with Jellyseerr for seamless show discovery and download requests","targetAbi":"10.11.0.0"}