{"version":"1.3.11.11","owner":"kinggeorges12","changelog":"v1.3.11 - Fixed deserialization errors in FindItemByDirectoryPath: Removed GetItemList fallback that was causing InvalidOperationException errors when querying library items due to unknown item types. The method now only uses FindByPath (trying both folder and non-folder modes) and returns null if items cannot be found, allowing graceful failure handling instead of crashing the entire operation.","category":"Metadata","guid":"8ecc808c-d6e9-432f-9219-b638fbfb37e6","assemblies":["JellyBridge.dll"],"name":"JellyBridge","status":"Active","description":"Bridge Jellyfin with Jellyseerr for seamless show discovery and download requests","targetAbi":"10.11.0.0","autoUpdate":true,"timestamp":"2025-11-01T00:23:59.471Z"}