{"name":"JellyBridge","targetAbi":"10.11.0.0","timestamp":"2025-11-06T09:21:44.886Z","assemblies":["JellyBridge.dll"],"version":"1.4.42.11","owner":"kinggeorges12","changelog":"v1.4.42 - Config page: switch refresh link to span action (cacheBuster) to avoid global onclick; ensure JellyBridgeActions registry initializes; cacheBuster now uses PluginVersion and hash-safe navigation.","category":"Metadata","guid":"8ecc808c-d6e9-432f-9219-b638fbfb37e6","autoUpdate":true,"status":"Active","description":"Bridge Jellyfin with Jellyseerr for seamless show discovery and download requests"}