{"owner":"kinggeorges12","status":"Active","category":"Metadata","assemblies":["JellyBridge.dll"],"timestamp":"2025-11-04T19:03:19.621Z","autoUpdate":true,"changelog":"v1.4.16 - Test Connection: Fixed exception handling to properly cascade errors with correct HTTP status codes from ApiService to controller. Improved error messages to be plain and user-friendly, explaining what went wrong without technical jargon. Fixed frontend to handle non-JSON error responses, including when Jellyfin server is loading.","description":"Bridge Jellyfin with Jellyseerr for seamless show discovery and download requests","name":"JellyBridge","targetAbi":"10.11.0.0","guid":"8ecc808c-d6e9-432f-9219-b638fbfb37e6","version":"1.4.16.11"}