{"name":"JellyBridge","guid":"8ecc808c-d6e9-432f-9219-b638fbfb37e6","owner":"kinggeorges12","description":"Bridge Jellyfin with Jellyseerr for seamless show discovery and download requests","assemblies":["JellyBridge.dll"],"status":"Active","version":"1.3.48.10","changelog":"v1.3.48 - BridgeService: include JellyBridge items not in any library (libraryName empty) and add debug counts for library/non-library additions; refine duplicate filtering logs. Minor: tweak setup help to scroll to IsEnabled when opened.","targetAbi":"10.10.0.0","timestamp":"2025-11-03T09:07:17.296Z","category":"Metadata","autoUpdate":true}