{"autoUpdate":true,"guid":"8ecc808c-d6e9-432f-9219-b638fbfb37e6","description":"Bridge Jellyfin with Jellyseerr for seamless show discovery and download requests","name":"JellyBridge","category":"Metadata","timestamp":"2025-11-05T02:49:25.723Z","version":"1.4.25.10","owner":"kinggeorges12","assemblies":["JellyBridge.dll"],"status":"Active","changelog":"v1.4.25 - Fixed table row borders to match column widths (14-char label column, 10-char data columns). Added Hidden and Unhidden rows to always display in SyncJellyfinResult table. Fixed emoji spacing and added refresh plan emoji to all result displays.","targetAbi":"10.10.0.0"}