{"changelog":"v1.3.57 - Config JS: bind click handlers after dynamic innerHTML updates in startup description, prevent duplicate event bindings with data-link-initialized flag. HTML: add Dashboard router link. No functional changes.","assemblies":["JellyBridge.dll"],"guid":"8ecc808c-d6e9-432f-9219-b638fbfb37e6","name":"JellyBridge","owner":"kinggeorges12","description":"Bridge Jellyfin with Jellyseerr for seamless show discovery and download requests","timestamp":"2025-11-03T21:31:22.497Z","category":"Metadata","status":"Active","autoUpdate":true,"version":"1.3.57.11","targetAbi":"10.11.0.0"}