{"version":"1.4.9.10","description":"Bridge Jellyfin with Jellyseerr for seamless show discovery and download requests","status":"Active","guid":"8ecc808c-d6e9-432f-9219-b638fbfb37e6","category":"Metadata","timestamp":"2025-11-04T16:44:56.163Z","name":"JellyBridge","changelog":"v1.4.9 - Test Connection: simplified error handling to use backend message directly (json.message only); removed redundant HTTP status fallbacks; fixed parse failure message to indicate Jellyfin plugin endpoint issue. Config: validation spinner fix from previous commit.","autoUpdate":true,"targetAbi":"10.10.0.0","owner":"kinggeorges12","assemblies":["JellyBridge.dll"]}