{"timestamp":"2025-11-05T06:24:30.062Z","category":"Metadata","changelog":"v1.4.30 - Updated GetPluginConfiguration to use GetConfigOrDefault for NetworkMap, ensuring default network map is returned when config is null. Improved available networks refresh button to show appropriate alerts when no networks are found. Removed debug alert from network loading error handling.","version":"1.4.30.11","autoUpdate":true,"assemblies":["JellyBridge.dll"],"status":"Active","name":"JellyBridge","targetAbi":"10.11.0.0","description":"Bridge Jellyfin with Jellyseerr for seamless show discovery and download requests","owner":"kinggeorges12","guid":"8ecc808c-d6e9-432f-9219-b638fbfb37e6"}