{"category":"Metadata","timestamp":"2025-11-03T03:53:58.616Z","assemblies":["JellyBridge.dll"],"status":"Active","owner":"kinggeorges12","targetAbi":"10.11.0.0","name":"JellyBridge","description":"Bridge Jellyfin with Jellyseerr for seamless show discovery and download requests","autoUpdate":true,"version":"1.3.41.11","guid":"8ecc808c-d6e9-432f-9219-b638fbfb37e6","changelog":"v1.3.41 - Replaced inline onclick handlers with span.link class and added global initializeLinkSpans function that automatically scrolls to elements with matching text content. Added CSS styling for span.link to make them appear as clickable links. Fixed scrollToElement function definition that was missing from the module."}