{"category":"Metadata","description":"Bridge Jellyfin with Jellyseerr for seamless show discovery and download requests","autoUpdate":true,"version":"1.4.27.11","owner":"kinggeorges12","timestamp":"2025-11-05T03:48:11.308Z","status":"Active","changelog":"v1.4.27 - Updated result table formatting to use tabs for emoji alignment, expanding first column to 18 characters and centering header column names. Improved monospace font stack to include Consolas, SF Mono, and JetBrains Mono for better emoji rendering in result textboxes.","targetAbi":"10.11.0.0","assemblies":["JellyBridge.dll"],"guid":"8ecc808c-d6e9-432f-9219-b638fbfb37e6","name":"JellyBridge"}