{"changelog":"v1.4.45 - Refactored favorite and play status operations: combined unfavorite and mark-as-unplayed into parallel async tasks, added cleaned items tracking to sync results, and updated configuration to clarify that ignore files and unplayed status are always applied regardless of RemoveRequestedFromFavorites setting. Renamed TrySetFavorite to TryUnfavoriteAsync and made it async for consistency. Improved error handling for null exceptions in task result processing.","timestamp":"2025-11-08T17:29:52.898Z","name":"JellyBridge","description":"Bridge Jellyfin with Jellyseerr for seamless show discovery and download requests","category":"Metadata","status":"Active","assemblies":["JellyBridge.dll"],"version":"1.4.45.10","guid":"8ecc808c-d6e9-432f-9219-b638fbfb37e6","owner":"kinggeorges12","autoUpdate":true,"targetAbi":"10.10.0.0"}