{"timestamp":"2026-02-03T18:52:31.169Z","category":"Metadata","name":"JellyBridge","assemblies":["JellyBridge.dll"],"autoUpdate":true,"description":"Bridge Jellyfin with Jellyseerr for seamless show discovery and download requests","owner":"kinggeorges12","targetAbi":"10.11.0.0","changelog":"v2.2.20 - removing outdated functionality for creating placeholders differently between movies and shows. everything is in the CreatePlaceholderVideosAsync now.","version":"2.2.20.11","guid":"8ecc808c-d6e9-432f-9219-b638fbfb37e6","status":"Active"}