{"version":"1.3.21.10","owner":"kinggeorges12","category":"Metadata","targetAbi":"10.10.0.0","timestamp":"2025-11-01T21:16:17.997Z","guid":"8ecc808c-d6e9-432f-9219-b638fbfb37e6","name":"JellyBridge","assemblies":["JellyBridge.dll"],"changelog":"v1.3.21 - Fixed placeholder episode play status by setting Played=true when play count > 0. Jellyfin uses the Played flag (not just PlayCount) to determine if episodes are played, which affects the series unplayed badge. Updated TryUpdatePlayCount to set both PlayCount and Played flag appropriately.","autoUpdate":true,"description":"Bridge Jellyfin with Jellyseerr for seamless show discovery and download requests","status":"Active"}