{"category":"Metadata","changelog":"v1.4.29 - Fixed compilation error by adding SyncService dependency to AdvancedSettingsController. Updated SyncService and SyncTask with improved refresh handling. Enhanced configuration page UI and updated screenshots.","owner":"kinggeorges12","targetAbi":"10.11.0.0","guid":"8ecc808c-d6e9-432f-9219-b638fbfb37e6","status":"Active","description":"Bridge Jellyfin with Jellyseerr for seamless show discovery and download requests","assemblies":["JellyBridge.dll"],"timestamp":"2025-11-05T06:05:09.317Z","autoUpdate":true,"name":"JellyBridge","version":"1.4.29.11"}