{"guid":"8ecc808c-d6e9-432f-9219-b638fbfb37e6","category":"Metadata","timestamp":"2025-11-04T04:39:44.133Z","assemblies":["JellyBridge.dll"],"changelog":"v1.3.69 - Updated SortLibraryResult ToString() format to include checkmark emoji and descriptive refresh plan information. Reorganized configuration page UI by moving Sort Discover Content section below Manage Discover Library section. Updated refresh plan display format to show descriptive text with variable values in parentheses.","targetAbi":"10.10.0.0","autoUpdate":true,"version":"1.3.69.10","name":"JellyBridge","owner":"kinggeorges12","description":"Bridge Jellyfin with Jellyseerr for seamless show discovery and download requests","status":"Active"}