{"version":"1.4.5.11","timestamp":"2025-11-04T08:21:42.790Z","assemblies":["JellyBridge.dll"],"autoUpdate":true,"description":"Bridge Jellyfin with Jellyseerr for seamless show discovery and download requests","targetAbi":"10.11.0.0","status":"Active","category":"Metadata","changelog":"v1.4.5 - Results: Added Processed count to sort; standardized Details order and wording; added refresh description across all operations; switched Updated emoji; removed Android TV/Kodi warning from config page.","owner":"kinggeorges12","name":"JellyBridge","guid":"8ecc808c-d6e9-432f-9219-b638fbfb37e6"}