{"targetAbi":"10.10.0.0","autoUpdate":true,"name":"JellyBridge","description":"Bridge Jellyfin with Jellyseerr for seamless show discovery and download requests","changelog":"v1.4.47 - Updated documentation to use correct setting name 'Favorite Cleanup' and fixed 'Cleaned' description accuracy. Consolidated repeated inline styles into CSS class and increased testResult max-height to 560px.","timestamp":"2025-11-08T17:58:42.461Z","owner":"kinggeorges12","status":"Active","category":"Metadata","assemblies":["JellyBridge.dll"],"guid":"8ecc808c-d6e9-432f-9219-b638fbfb37e6","version":"1.4.47.10"}