{"assemblies":["JellyBridge.dll"],"status":"Active","timestamp":"2025-11-04T05:11:43.025Z","category":"Metadata","targetAbi":"10.11.0.0","changelog":"v1.3.70 - Moved Details strings from service classes to result classes with formatted list format and emojis. Removed unnecessary null checks for Details property and standardized refresh plan display format across all result classes. Fixed EnableAutomatedSortTask checkbox saving issue by adding missing SetJsonValue call in PluginConfigurationController.","owner":"kinggeorges12","version":"1.3.70.11","autoUpdate":true,"description":"Bridge Jellyfin with Jellyseerr for seamless show discovery and download requests","name":"JellyBridge","guid":"8ecc808c-d6e9-432f-9219-b638fbfb37e6"}