{"version":"1.4.34.10","description":"Bridge Jellyfin with Jellyseerr for seamless show discovery and download requests","assemblies":["JellyBridge.dll"],"owner":"kinggeorges12","targetAbi":"10.10.0.0","autoUpdate":true,"name":"JellyBridge","changelog":"v1.4.34 - Import tab UX polish: prevent refresh when Jellyseerr URL/API key changed until saved; improved error messages and scroll targets for region/network refresh; simplified region population flow.","status":"Active","timestamp":"2025-11-05T07:36:06.422Z","guid":"8ecc808c-d6e9-432f-9219-b638fbfb37e6","category":"Metadata"}