{"targetAbi":"10.10.0.0","timestamp":"2025-11-02T20:45:12.929Z","guid":"8ecc808c-d6e9-432f-9219-b638fbfb37e6","owner":"kinggeorges12","assemblies":["JellyBridge.dll"],"name":"JellyBridge","autoUpdate":true,"category":"Metadata","changelog":"v1.3.34 - Fixed scroll-to-checkbox functionality for disabled fields by allowing pointer events on containers while blocking them only on form elements. Made Network Folder Options details appear disabled but remain clickable with proper cursor and hover feedback. Updated disabled state styling to ensure click handlers work correctly while maintaining visual disabled appearance.","status":"Active","description":"Bridge Jellyfin with Jellyseerr for seamless show discovery and download requests","version":"1.3.34.10"}