{"category":"Metadata","targetAbi":"10.10.0.0","guid":"8ecc808c-d6e9-432f-9219-b638fbfb37e6","version":"1.4.1.10","status":"Active","autoUpdate":true,"changelog":"v1.4.1 - Refined sort result output: moved descriptions into Details, removed parentheticals, and switched result counts to bulleted lists. Implemented Smartish randomization adjustments and removed unnecessary smart-sort null check. Also ensured EnableAutomatedSortTask loads correctly in config UI.","description":"Bridge Jellyfin with Jellyseerr for seamless show discovery and download requests","timestamp":"2025-11-04T06:36:07.034Z","assemblies":["JellyBridge.dll"],"owner":"kinggeorges12","name":"JellyBridge"}