{"targetAbi":"10.10.0.0","assemblies":["JellyBridge.dll"],"name":"JellyBridge","description":"Bridge Jellyfin with Jellyseerr for seamless show discovery and download requests","owner":"kinggeorges12","guid":"8ecc808c-d6e9-432f-9219-b638fbfb37e6","status":"Active","changelog":"v1.3.12 - Enhanced movie discovery in FindItemByDirectoryPath: Added fallback logic to search for video files (mkv, mp4, avi, m4v, mov, wmv, flv, webm, mpg, mpeg, m2ts, ts, mts) within the directory and attempt FindByPath on those file paths. This helps locate movies where Jellyfin stores the item path as the video file path rather than the directory path, significantly improving success rate for movie item discovery without using the problematic GetItemList method.","version":"1.3.12.10","autoUpdate":true,"category":"Metadata","timestamp":"2025-11-01T00:49:53.501Z"}