{"version":"1.3.33.10","assemblies":["JellyBridge.dll"],"autoUpdate":true,"description":"Bridge Jellyfin with Jellyseerr for seamless show discovery and download requests","timestamp":"2025-11-02T20:28:38.597Z","owner":"kinggeorges12","guid":"8ecc808c-d6e9-432f-9219-b638fbfb37e6","targetAbi":"10.10.0.0","status":"Active","name":"JellyBridge","changelog":"v1.3.33 - Improved disabled element UI styling with cursor: not-allowed for better user feedback. Added feature to manually request JellyBridge library favorites in Jellyseerr. Updated README with improved release notes structure and compatibility information.","category":"Metadata"}