{"version":"1.4.54.11","guid":"8ecc808c-d6e9-432f-9219-b638fbfb37e6","status":"Active","timestamp":"2025-11-09T03:30:40.766Z","targetAbi":"10.11.0.0","autoUpdate":true,"changelog":"v1.4.54 - Enhanced connection test to validate library directory read/write access. Added TestLibraryDirectoryReadWrite method to LibraryService. Improved input parsing in configuration UI using safeParseString.","owner":"kinggeorges12","name":"JellyBridge","description":"Bridge Jellyfin with Jellyseerr for seamless show discovery and download requests","assemblies":["JellyBridge.dll"],"category":"Metadata"}