{"status":"Active","autoUpdate":true,"name":"JellyBridge","assemblies":["JellyBridge.dll"],"targetAbi":"10.10.0.0","category":"Metadata","guid":"8ecc808c-d6e9-432f-9219-b638fbfb37e6","owner":"kinggeorges12","description":"Bridge Jellyfin with Jellyseerr for seamless show discovery and download requests","version":"1.3.42.10","changelog":"v1.3.42 - Fixed JSON serializer to use runtime type instead of interface type when serializing metadata files. This ensures all properties from concrete classes and base classes are serialized correctly, preventing empty JSON objects from being written to metadata.json files.","timestamp":"2025-11-03T04:43:16.609Z"}