{"assemblies":["JellyBridge.dll"],"description":"Bridge Jellyfin with Jellyseerr for seamless show discovery and download requests","guid":"8ecc808c-d6e9-432f-9219-b638fbfb37e6","category":"Metadata","timestamp":"2025-11-02T00:32:54.158Z","status":"Active","changelog":"v1.3.24 - Refactored sort functionality into new SortService class and added BridgeConfiguration with SortOrderOptions enum. Replaced boolean sort toggle with dropdown (None/Random/Smart) and added dynamic enum population via ConfigOptions. Made ScanAllLibraries async/awaitable and renamed DefaultValues to ConfigDefaults in frontend.","name":"JellyBridge","version":"1.3.24.11","targetAbi":"10.11.0.0","owner":"kinggeorges12","autoUpdate":true}