{"timestamp":"2025-11-04T18:23:52.987Z","guid":"8ecc808c-d6e9-432f-9219-b638fbfb37e6","description":"Bridge Jellyfin with Jellyseerr for seamless show discovery and download requests","autoUpdate":true,"owner":"kinggeorges12","version":"1.4.15.11","assemblies":["JellyBridge.dll"],"changelog":"v1.4.15 - Test Connection: Enhanced to validate API key using AuthMe endpoint and check user list privileges. Improved error handling with specific HTTP status codes (401 for auth failures, 403 for insufficient privileges) and clearer error messages. Added JsonException handling for invalid response format detection.","category":"Metadata","status":"Active","targetAbi":"10.11.0.0","name":"JellyBridge"}