{"timestamp":"2025-11-04T17:11:18.490Z","owner":"kinggeorges12","version":"1.4.12.10","changelog":"v1.4.12 - Test Connection: fixed error message parsing to correctly extract backend messages by checking responseJSON first (jQuery auto-parsed JSON), then falling back to manual responseText parse. Added HTTP status code to error message fallback for better debugging.","targetAbi":"10.10.0.0","autoUpdate":true,"category":"Metadata","name":"JellyBridge","guid":"8ecc808c-d6e9-432f-9219-b638fbfb37e6","status":"Active","description":"Bridge Jellyfin with Jellyseerr for seamless show discovery and download requests","assemblies":["JellyBridge.dll"]}