{"changelog":"v1.4.51 - Reverted IsAutomated to false for remove refresh. Reordered refresh operations to run create refresh before remove refresh, and changed remove refresh priority to Low.","owner":"kinggeorges12","version":"1.4.51.10","autoUpdate":true,"targetAbi":"10.10.0.0","timestamp":"2025-11-08T18:32:07.145Z","description":"Bridge Jellyfin with Jellyseerr for seamless show discovery and download requests","status":"Active","assemblies":["JellyBridge.dll"],"category":"Metadata","guid":"8ecc808c-d6e9-432f-9219-b638fbfb37e6","name":"JellyBridge"}