{"guid":"8ecc808c-d6e9-432f-9219-b638fbfb37e6","name":"JellyBridge","owner":"kinggeorges12","status":"Active","autoUpdate":true,"description":"Bridge Jellyfin with Jellyseerr for seamless show discovery and download requests","targetAbi":"10.10.0.0","assemblies":["JellyBridge.dll"],"category":"Metadata","version":"1.4.6.10","timestamp":"2025-11-04T15:57:12.220Z","changelog":"v1.4.6 - Sort: per-user async with in-user sequential processing; fixed implicit deconstruction and non-async await; added pre-step to mark all items unplayed. Favorites: switched to JellyfinIUserManager and updated IUserDataManager usage. Minor: cleaned unused usings; updated config/README notes."}