{"owner":"kinggeorges12","status":"Active","description":"Bridge Jellyfin with Jellyseerr for seamless show discovery and download requests","timestamp":"2025-11-03T11:30:23.642Z","category":"Metadata","guid":"8ecc808c-d6e9-432f-9219-b638fbfb37e6","name":"JellyBridge","targetAbi":"10.11.0.0","changelog":"v1.3.52 - SyncService: improve step 4 diagnostics; log full folder paths for unique, unmatched, and synced items; no behavioral changes. Prepare new release artifacts for 10.10/10.11.","assemblies":["JellyBridge.dll"],"autoUpdate":true,"version":"1.3.52.11"}