{"guid":"8ecc808c-d6e9-432f-9219-b638fbfb37e6","category":"Metadata","description":"Bridge Jellyfin with Jellyseerr for seamless show discovery and download requests","name":"JellyBridge","timestamp":"2025-11-05T17:35:50.800Z","owner":"kinggeorges12","targetAbi":"10.11.0.0","assemblies":["JellyBridge.dll"],"changelog":"v1.4.38 - Updated README.md documentation and replaced JellyCon screenshot with Kodi screenshot. Documentation improvements and UI updates.","status":"Active","version":"1.4.38.11","autoUpdate":true}