{"category":"Metadata","name":"JellyBridge","version":"1.4.52.10","guid":"8ecc808c-d6e9-432f-9219-b638fbfb37e6","description":"Bridge Jellyfin with Jellyseerr for seamless show discovery and download requests","owner":"kinggeorges12","assemblies":["JellyBridge.dll"],"changelog":"v1.4.52 - Added note about library refresh time when Manage JellyBridge Library is enabled. Adjusted refresh priorities: remove refresh to High priority, create refresh to Low priority, and update refresh to Low priority.","timestamp":"2025-11-08T18:56:06.148Z","autoUpdate":true,"status":"Active","targetAbi":"10.10.0.0"}