{"timestamp":"2025-11-05T06:30:11.224Z","description":"Bridge Jellyfin with Jellyseerr for seamless show discovery and download requests","version":"1.4.31.11","guid":"8ecc808c-d6e9-432f-9219-b638fbfb37e6","assemblies":["JellyBridge.dll"],"autoUpdate":true,"category":"Metadata","owner":"kinggeorges12","status":"Active","name":"JellyBridge","changelog":"v1.4.31 - Refined available networks UI: adjusted alert/scroll behavior and removed debug noise. Updated Import screenshot to reflect current UI.","targetAbi":"10.11.0.0"}