{"autoUpdate":true,"changelog":"v1.4.3 - Further refine trace logging: move caller resolution into LogTraceInternal and more robustly skip DebugLogger<> frames for accurate Class.Method names. No functional changes; logging-only refactor.","status":"Active","timestamp":"2025-11-04T06:50:25.916Z","guid":"8ecc808c-d6e9-432f-9219-b638fbfb37e6","version":"1.4.3.10","assemblies":["JellyBridge.dll"],"name":"JellyBridge","targetAbi":"10.10.0.0","owner":"kinggeorges12","category":"Metadata","description":"Bridge Jellyfin with Jellyseerr for seamless show discovery and download requests"}