{"changelog":"v1.4.20 - Sort: Updated LastPlayedDate handling to normalize dates to midnight UTC for Android TV compatibility. Added date mapping so lowest play count corresponds to most recent play date (yesterday at midnight), ensuring Android TV's Last Played sort (DESCENDING) matches ascending play count order. Enhanced configuration page to clarify that sorting applies last played dates to items.","category":"Metadata","description":"Bridge Jellyfin with Jellyseerr for seamless show discovery and download requests","timestamp":"2025-11-04T22:51:26.159Z","assemblies":["JellyBridge.dll"],"version":"1.4.20.10","targetAbi":"10.10.0.0","status":"Active","owner":"kinggeorges12","name":"JellyBridge","guid":"8ecc808c-d6e9-432f-9219-b638fbfb37e6","autoUpdate":true}