{"name":"JellyBridge","category":"Metadata","owner":"kinggeorges12","description":"Bridge Jellyfin with Jellyseerr for seamless show discovery and download requests","timestamp":"2025-11-03T23:07:30.456Z","status":"Active","autoUpdate":true,"version":"1.3.60.10","targetAbi":"10.10.0.0","changelog":"v1.3.60 - Fixed casing normalization bugs by changing ToUpperInvariant to ToLowerInvariant in duplicate detection logic. Added early return guard in IgnoreDuplicateLibraryItems when UseNetworkFolders and AddDuplicateContent are disabled. Added trace logging for debugging duplicate filtering operations.","assemblies":["JellyBridge.dll"],"guid":"8ecc808c-d6e9-432f-9219-b638fbfb37e6"}