{"guid":"8ecc808c-d6e9-432f-9219-b638fbfb37e6","timestamp":"2025-11-03T07:57:04.017Z","changelog":"v1.3.45 - Add detailed debug/trace logging in FavoriteService (unmark/ignore and declined-unignore). Consolidate metadata logging into FindJellyseerrFavorites overload and adjust log levels. No functional changes; improves diagnostics for favorites/request handling.","targetAbi":"10.10.0.0","status":"Active","assemblies":["JellyBridge.dll"],"description":"Bridge Jellyfin with Jellyseerr for seamless show discovery and download requests","version":"1.3.45.10","autoUpdate":true,"owner":"kinggeorges12","category":"Metadata","name":"JellyBridge"}