{"name":"JellyBridge","description":"Bridge Jellyfin with Jellyseerr for seamless show discovery and download requests","timestamp":"2025-11-02T18:44:45.171Z","guid":"8ecc808c-d6e9-432f-9219-b638fbfb37e6","changelog":"v1.3.30 - Refactored monolithic RouteController into specialized controllers (PluginConfigurationController, GeneralSettingsController, ImportDiscoverContentController, SortDiscoverContentController, ManageDiscoverLibraryController, AdvancedSettingsController, TaskStatusController). Moved library setup instructions above test connection button and converted troubleshooting section to collapsible details. Updated all service using statements to minimal sets and improved service class summaries.","owner":"kinggeorges12","status":"Active","autoUpdate":true,"version":"1.3.30.11","assemblies":["JellyBridge.dll"],"targetAbi":"10.11.0.0","category":"Metadata"}