{"version":"1.3.4.11","changelog":"v1.3.4 - Add trace logging option with improved logging system: Added EnableTraceLogging configuration option that requires debug logging to be enabled. Refactored DebugLogger to use the new trace logging setting instead of debug logging for trace messages. Removed message truncation logic from trace logging. Updated configuration UI to include trace logging checkbox with proper state management. Enhanced README documentation with clearer field descriptions and updated compatibility information.","guid":"8ecc808c-d6e9-432f-9219-b638fbfb37e6","autoUpdate":true,"owner":"kinggeorges12","status":"Active","category":"Metadata","assemblies":["JellyBridge.dll"],"targetAbi":"10.11.0.0","description":"Bridge Jellyfin with Jellyseerr for seamless show discovery and download requests","name":"JellyBridge","timestamp":"2025-10-31T19:40:48.757Z"}