{"version":"1.3.67.11","targetAbi":"10.11.0.0","description":"Bridge Jellyfin with Jellyseerr for seamless show discovery and download requests","status":"Active","timestamp":"2025-11-04T01:31:49.755Z","autoUpdate":true,"assemblies":["JellyBridge.dll"],"guid":"8ecc808c-d6e9-432f-9219-b638fbfb37e6","name":"JellyBridge","changelog":"v1.3.67 - Added IgnoredMovies and IgnoredShows tracking to SyncJellyseerrResult for items ignored due to duplicate library content and matched items. Moved detail generation logic from SyncService into ToString() methods of result classes to combine movie/show counts with explanations. Updated frontend to display Ignored counts and match structured output format between sync operations.","category":"Metadata","owner":"kinggeorges12"}