{"timestamp":"2025-11-03T11:08:14.252Z","autoUpdate":true,"owner":"kinggeorges12","version":"1.3.51.11","description":"Bridge Jellyfin with Jellyseerr for seamless show discovery and download requests","name":"JellyBridge","targetAbi":"10.11.0.0","assemblies":["JellyBridge.dll"],"category":"Metadata","status":"Active","guid":"8ecc808c-d6e9-432f-9219-b638fbfb37e6","changelog":"v1.3.51 - SyncService: add full folder path logging for unmatched, synced, and unique discover items; remove invalid IJellyseerrItem.Directory references to fix build; diagnostics-only changes, no behavior impact. Release artifacts updated for 10.10/10.11."}