{"owner":"kinggeorges12","description":"Bridge Jellyfin with Jellyseerr for seamless show discovery and download requests","version":"1.3.26.11","changelog":"v1.3.26 - Refactored MetadataService and SyncService to process movies and shows in a unified list. Added FilterDuplicateMedia function to DiscoverService for duplicate removal using item hashing. Cleaned up unused dependencies and using statements across all services.","status":"Active","autoUpdate":true,"guid":"8ecc808c-d6e9-432f-9219-b638fbfb37e6","category":"Metadata","assemblies":["JellyBridge.dll"],"timestamp":"2025-11-02T01:46:52.647Z","targetAbi":"10.11.0.0","name":"JellyBridge"}