{"description":"Bridge Jellyfin with Jellyseerr for seamless show discovery and download requests","category":"Metadata","version":"1.3.39.11","owner":"kinggeorges12","targetAbi":"10.11.0.0","guid":"8ecc808c-d6e9-432f-9219-b638fbfb37e6","name":"JellyBridge","changelog":"v1.3.39 - Refactored library metadata filtering and duplicate detection: Added ReadMetadataLibraries to filter metadata items to only those present in Jellyfin libraries, preventing crashes when updating items not in libraries. Simplified directory-to-library mapping by combining normalizedDirectoryMap and directoryToLibraryMap into a single directoryLibraryMap. Enhanced FilterDuplicatesByLibrary with anti-join logic to exclude items that already exist in the same library based on library name and item hash code.","status":"Active","assemblies":["JellyBridge.dll"],"timestamp":"2025-11-03T03:05:53.769Z","autoUpdate":true}