{"category":"Metadata","timestamp":"2025-11-05T03:23:33.771Z","version":"1.4.26.11","targetAbi":"10.11.0.0","changelog":"v1.4.26 - Fixed numeric column alignment in all result tables by formatting numbers as right-aligned 8 characters with 2 trailing spaces (10 total) to match column header widths. Applied consistent formatting across SyncJellyseerrResult, SyncJellyfinResult, SortLibraryResult, and CleanupResult tables for proper visual alignment.","assemblies":["JellyBridge.dll"],"name":"JellyBridge","description":"Bridge Jellyfin with Jellyseerr for seamless show discovery and download requests","guid":"8ecc808c-d6e9-432f-9219-b638fbfb37e6","owner":"kinggeorges12","autoUpdate":true,"status":"Active"}