{"assemblies":["JellyBridge.dll"],"guid":"8ecc808c-d6e9-432f-9219-b638fbfb37e6","category":"Metadata","status":"Active","name":"JellyBridge","targetAbi":"10.11.0.0","version":"1.3.64.11","owner":"kinggeorges12","timestamp":"2025-11-03T23:55:17.545Z","description":"Bridge Jellyfin with Jellyseerr for seamless show discovery and download requests","autoUpdate":true,"changelog":"v1.3.64 - Simplified duplicate filtering by using GroupBy to keep one item per duplicate group instead of complex Where logic. Updated unmatchedAsDefault to check against libraryItemPairs using directory and hash code instead of libraryLocationPairs. Removed redundant trace logging and simplified filtering logic."}