{"name":"JellyBridge","owner":"kinggeorges12","targetAbi":"10.11.0.0","category":"Metadata","assemblies":["JellyBridge.dll"],"changelog":"v1.4.8 - Config UI: moved Android TV note under Mark Media Played; restored Sort note text. JS: fixed spinner hang by making savePluginConfiguration return a rejected Promise on validation failure; added validateInputs() and updated callers to rely on .catch/.finally. Docs: README wording aligned to note that sorting changes played status for Android TV.","description":"Bridge Jellyfin with Jellyseerr for seamless show discovery and download requests","autoUpdate":true,"status":"Active","guid":"8ecc808c-d6e9-432f-9219-b638fbfb37e6","version":"1.4.8.11","timestamp":"2025-11-04T16:34:12.097Z"}