{"description":"Bridge Jellyfin with Jellyseerr for seamless show discovery and download requests","assemblies":["JellyBridge.dll"],"owner":"kinggeorges12","targetAbi":"10.10.0.0","timestamp":"2025-11-03T03:30:15.922Z","version":"1.3.40.10","autoUpdate":true,"status":"Active","category":"Metadata","guid":"8ecc808c-d6e9-432f-9219-b638fbfb37e6","changelog":"v1.3.40 - Renamed 'Add Duplicate Content' to 'Duplicate Discover Content for JellyBridge Libraries' with updated descriptions clarifying that duplicate content from different networks is allowed as long as unique within each library. Updated setup instructions to specify that each network folder must have a unique Jellyfin library. Removed obsolete patch note.","name":"JellyBridge"}