{"changelog":"v1.4.40 - Add global number-input scroll prevention on configuration page. Prevent wheel from changing values when focused and scroll page smoothly instead. Minor comment clarification in global init.","assemblies":["JellyBridge.dll"],"targetAbi":"10.10.0.0","name":"JellyBridge","guid":"8ecc808c-d6e9-432f-9219-b638fbfb37e6","status":"Active","description":"Bridge Jellyfin with Jellyseerr for seamless show discovery and download requests","autoUpdate":true,"owner":"kinggeorges12","version":"1.4.40.10","timestamp":"2025-11-06T08:11:35.438Z","category":"Metadata"}