{"owner":"kinggeorges12","description":"Bridge Jellyfin with Jellyseerr for seamless show discovery and download requests","targetAbi":"10.11.0.0","version":"1.4.43.11","category":"Metadata","assemblies":["JellyBridge.dll"],"guid":"8ecc808c-d6e9-432f-9219-b638fbfb37e6","name":"JellyBridge","status":"Active","changelog":"v1.4.43 - Cache busting: navigate to config page with v=PluginVersion; expose no-arg cacheBuster and call it from header init.","autoUpdate":true,"timestamp":"2025-11-06T09:45:21.892Z"}