{"status":"Active","assemblies":["JellyBridge.dll"],"autoUpdate":true,"timestamp":"2025-11-01T21:30:07.984Z","description":"Bridge Jellyfin with Jellyseerr for seamless show discovery and download requests","name":"JellyBridge","guid":"8ecc808c-d6e9-432f-9219-b638fbfb37e6","version":"1.3.22.11","owner":"kinggeorges12","category":"Metadata","changelog":"v1.3.22 - Removed TryMarkPlayed method from JellyfinIUserDataManager and inlined the Played=true logic directly in JellyfinSeries.TrySetEpisodePlayCount to ensure only the placeholder episode is marked as played, not all BaseItems. This prevents accidental marking of other items while maintaining the fix for series unplayed badges.","targetAbi":"10.11.0.0"}