{"targetAbi":"10.11.0.0","changelog":"v1.3.56 - Config UI: add data-target-page links for navigation, add router navigation spans (Dashboard/Metadata Manager), link remaining troubleshooting/setup references. JS: support data-target-router and data-target-page, make enabled task names in startup description clickable. No functional changes.","status":"Active","owner":"kinggeorges12","version":"1.3.56.11","description":"Bridge Jellyfin with Jellyseerr for seamless show discovery and download requests","autoUpdate":true,"name":"JellyBridge","assemblies":["JellyBridge.dll"],"category":"Metadata","timestamp":"2025-11-03T21:11:32.244Z","guid":"8ecc808c-d6e9-432f-9219-b638fbfb37e6"}