{"status":"Active","changelog":"v1.3.5 - Add random dateadded metadata to NFO files for discover library sorting randomization: Added WriteRandomDateAddedToNfo helper function in MetadataService that updates NFO files with a random date from yesterday to enable randomized sorting in Jellyfin. Refactored favorite service to directly retrieve user favorites. Updated method names from CreateFoldersAsync to CreateFolderMetadataAsync for clarity.","version":"1.3.5.11","description":"Bridge Jellyfin with Jellyseerr for seamless show discovery and download requests","name":"JellyBridge","owner":"kinggeorges12","targetAbi":"10.11.0.0","autoUpdate":true,"timestamp":"2025-10-31T20:51:04.463Z","guid":"8ecc808c-d6e9-432f-9219-b638fbfb37e6","assemblies":["JellyBridge.dll"],"category":"Metadata"}