{"name":"JellyBridge","category":"Metadata","description":"Bridge Jellyfin with Jellyseerr for seamless show discovery and download requests","timestamp":"2025-11-05T07:06:41.136Z","guid":"8ecc808c-d6e9-432f-9219-b638fbfb37e6","autoUpdate":true,"owner":"kinggeorges12","status":"Active","targetAbi":"10.10.0.0","assemblies":["JellyBridge.dll"],"version":"1.4.32.10","changelog":"v1.4.32 - Networks endpoint now returns 404 with explicit error when no providers are returned for a region; improved 500 details. Frontend shows explicit alerts on refresh failure or empty response and avoids populating stale data."}