{"owner":"kinggeorges12","changelog":"v1.3.13 - Refactored sort randomization and fixed duplicate user handling: Renamed RandomizeNfoDateAddedAsync to RandomizePlayCountAsync to accurately reflect that it randomizes play counts instead of date added metadata. Updated play count assignment to start at 1000 instead of 0 to avoid conflicts with actual user play counts. Fixed duplicate JellyfinUserGuid handling by moving duplicate filtering to GetJellyseerrUsersAsync source method, ensuring all callers receive clean user lists. Updated TrySetFavorite and TryUpdatePlayCount methods in JellyfinIUserDataManager to use version-specific preprocessor directives for proper handling of nullable return types between Jellyfin 10.10 and 10.11. Updated all documentation, configuration descriptions, and UI text to reference play counts instead of date added metadata. Reordered code in RandomizePlayCountAsync to check for users before shuffling directories for better error handling.","category":"Metadata","assemblies":["JellyBridge.dll"],"autoUpdate":true,"status":"Active","timestamp":"2025-11-01T16:53:12.071Z","guid":"8ecc808c-d6e9-432f-9219-b638fbfb37e6","name":"JellyBridge","version":"1.3.13.10","description":"Bridge Jellyfin with Jellyseerr for seamless show discovery and download requests","targetAbi":"10.10.0.0"}