{"guid":"8ecc808c-d6e9-432f-9219-b638fbfb37e6","name":"JellyBridge","autoUpdate":true,"timestamp":"2025-11-04T05:51:00.894Z","assemblies":["JellyBridge.dll"],"category":"Metadata","status":"Active","description":"Bridge Jellyfin with Jellyseerr for seamless show discovery and download requests","owner":"kinggeorges12","changelog":"v1.4.0 - Implemented Smart sort algorithm that uses genre preferences from user's library to calculate play counts. Refactored SortService to use wrapper methods instead of direct MediaBrowser calls and added GetUserLibraryItems method to JellyfinILibraryManager. Added fallback to random sort when smart sort fails for individual directories and updated configuration page to specify Play Count (Ascending) sort requirement.","targetAbi":"10.10.0.0","version":"1.4.0.10"}