{"timestamp":"2025-11-03T08:38:09.506Z","version":"1.3.47.10","guid":"8ecc808c-d6e9-432f-9219-b638fbfb37e6","status":"Active","targetAbi":"10.10.0.0","category":"Metadata","assemblies":["JellyBridge.dll"],"description":"Bridge Jellyfin with Jellyseerr for seamless show discovery and download requests","name":"JellyBridge","owner":"kinggeorges12","changelog":"v1.3.47 - Improve diagnostics: step-tagged debug logs in SyncService and refined FavoriteService logs; harden MetadataService deserialization logging. UI: add unique emojis to action buttons. BridgeService: don’t filter duplicates in same library and directory.","autoUpdate":true}