{"timestamp":"2025-11-03T23:22:24.176Z","owner":"kinggeorges12","description":"Bridge Jellyfin with Jellyseerr for seamless show discovery and download requests","name":"JellyBridge","targetAbi":"10.10.0.0","autoUpdate":true,"changelog":"v1.3.61 - Added trace logging for library item pairs to debug library matching. Fixed unmatchedAsDefault logic to properly exclude items already in libraries by removing hash code checks and reverting to location-based matching.","guid":"8ecc808c-d6e9-432f-9219-b638fbfb37e6","version":"1.3.61.10","category":"Metadata","status":"Active","assemblies":["JellyBridge.dll"]}