{"assemblies":["JellyBridge.dll"],"name":"JellyBridge","guid":"8ecc808c-d6e9-432f-9219-b638fbfb37e6","category":"Metadata","timestamp":"2025-11-01T19:56:20.529Z","status":"Active","autoUpdate":true,"version":"1.3.17.10","targetAbi":"10.10.0.0","owner":"kinggeorges12","changelog":"v1.3.17 - Cleaned up unused functions in JellyfinSeries wrapper class. Removed user parameter requirement from GetPlaceholderEpisode by using GetRecursiveChildren directly. Added preprocessor directives for version compatibility between Jellyfin 10.10 and 10.11. Renamed TrySetPlaceholderEpisodePlayCount to TrySetEpisodePlayCount for consistency.","description":"Bridge Jellyfin with Jellyseerr for seamless show discovery and download requests"}