{"assemblies":["JellyBridge.dll"],"guid":"8ecc808c-d6e9-432f-9219-b638fbfb37e6","targetAbi":"10.11.0.0","timestamp":"2025-11-05T08:01:12.906Z","category":"Metadata","name":"JellyBridge","changelog":"v1.4.36 - Investigated Jellyseerr auth behavior: watchproviders accept any X-Api-Key; regions/networks refresh confirmed without session cookie. No source changes since last commit; patch version bump and repackaging only. Updated manifest and build artifacts.","version":"1.4.36.11","owner":"kinggeorges12","description":"Bridge Jellyfin with Jellyseerr for seamless show discovery and download requests","autoUpdate":true,"status":"Active"}