{"name":"JellyBridge","timestamp":"2025-11-06T17:10:52.935Z","changelog":"v1.4.44 - Removed unused random variable. Added ascending order sorting for play count by inverting genre count values.","category":"Metadata","assemblies":["JellyBridge.dll"],"version":"1.4.44.10","owner":"kinggeorges12","autoUpdate":true,"description":"Bridge Jellyfin with Jellyseerr for seamless show discovery and download requests","status":"Active","guid":"8ecc808c-d6e9-432f-9219-b638fbfb37e6","targetAbi":"10.10.0.0"}