{"owner":"kinggeorges12","status":"Active","autoUpdate":true,"targetAbi":"10.10.0.0","assemblies":["JellyBridge.dll"],"category":"Metadata","timestamp":"2025-11-03T09:45:55.381Z","name":"JellyBridge","changelog":"v1.3.49 - BridgeService: left-join fallback to default (empty) library, append unmatched items directly, and add debug counts. Simplify unmatched mapping to avoid nulls. Minor UI: setup help scrolls to IsEnabled.","version":"1.3.49.10","description":"Bridge Jellyfin with Jellyseerr for seamless show discovery and download requests","guid":"8ecc808c-d6e9-432f-9219-b638fbfb37e6"}